--
-- PostgreSQL database dump
--

\restrict Y9qeoPbB9MPgIZnCAyZBOeIsId8i84K8FsmDgvcd5LfcgTG8rDLFE044KkUbPpF

-- Dumped from database version 18.0
-- Dumped by pg_dump version 18.0

-- Started on 2025-12-08 19:00:16

SET statement_timeout = 0;
SET lock_timeout = 0;
SET idle_in_transaction_session_timeout = 0;
SET transaction_timeout = 0;
SET client_encoding = 'UTF8';
SET standard_conforming_strings = on;
SELECT pg_catalog.set_config('search_path', '', false);
SET check_function_bodies = false;
SET xmloption = content;
SET client_min_messages = warning;
SET row_security = off;

SET default_tablespace = '';

SET default_table_access_method = heap;

--
-- TOC entry 253 (class 1259 OID 19958)
-- Name: backup_codes; Type: TABLE; Schema: public; Owner: postgres
--

CREATE TABLE public.backup_codes (
    backup_code_id bigint NOT NULL,
    code_hash character varying(255) NOT NULL,
    created_at timestamp(6) without time zone NOT NULL,
    used boolean NOT NULL,
    used_at timestamp(6) without time zone,
    user_id bigint NOT NULL
);


ALTER TABLE public.backup_codes OWNER TO postgres;

--
-- TOC entry 252 (class 1259 OID 19957)
-- Name: backup_codes_backup_code_id_seq; Type: SEQUENCE; Schema: public; Owner: postgres
--

ALTER TABLE public.backup_codes ALTER COLUMN backup_code_id ADD GENERATED BY DEFAULT AS IDENTITY (
    SEQUENCE NAME public.backup_codes_backup_code_id_seq
    START WITH 1
    INCREMENT BY 1
    NO MINVALUE
    NO MAXVALUE
    CACHE 1
);


--
-- TOC entry 243 (class 1259 OID 17520)
-- Name: cage_details; Type: TABLE; Schema: public; Owner: postgres
--

CREATE TABLE public.cage_details (
    cage_id bigint NOT NULL,
    dimensions character varying(255),
    material character varying(255)
);


ALTER TABLE public.cage_details OWNER TO postgres;

--
-- TOC entry 231 (class 1259 OID 17405)
-- Name: cagedetails; Type: TABLE; Schema: public; Owner: postgres
--

CREATE TABLE public.cagedetails (
    cage_id integer NOT NULL,
    material character varying(100),
    dimensions character varying(50)
);


ALTER TABLE public.cagedetails OWNER TO postgres;

--
-- TOC entry 229 (class 1259 OID 17380)
-- Name: catdetails; Type: TABLE; Schema: public; Owner: postgres
--

CREATE TABLE public.catdetails (
    cat_id bigint NOT NULL,
    breed character varying(255),
    age integer,
    gender character varying(255),
    vaccinated boolean DEFAULT false
);


ALTER TABLE public.catdetails OWNER TO postgres;

--
-- TOC entry 226 (class 1259 OID 17340)
-- Name: categories; Type: TABLE; Schema: public; Owner: postgres
--

CREATE TABLE public.categories (
    category_id bigint NOT NULL,
    category_name character varying(100) NOT NULL,
    description text,
    type_id bigint NOT NULL
);


ALTER TABLE public.categories OWNER TO postgres;

--
-- TOC entry 225 (class 1259 OID 17339)
-- Name: categories_category_id_seq; Type: SEQUENCE; Schema: public; Owner: postgres
--

CREATE SEQUENCE public.categories_category_id_seq
    AS integer
    START WITH 1
    INCREMENT BY 1
    NO MINVALUE
    NO MAXVALUE
    CACHE 1;


ALTER SEQUENCE public.categories_category_id_seq OWNER TO postgres;

--
-- TOC entry 5263 (class 0 OID 0)
-- Dependencies: 225
-- Name: categories_category_id_seq; Type: SEQUENCE OWNED BY; Schema: public; Owner: postgres
--

ALTER SEQUENCE public.categories_category_id_seq OWNED BY public.categories.category_id;


--
-- TOC entry 244 (class 1259 OID 17569)
-- Name: cleaning_details; Type: TABLE; Schema: public; Owner: postgres
--

CREATE TABLE public.cleaning_details (
    cleaning_id bigint NOT NULL,
    usage text,
    volume_ml integer
);


ALTER TABLE public.cleaning_details OWNER TO postgres;

--
-- TOC entry 232 (class 1259 OID 17416)
-- Name: cleaningdetails; Type: TABLE; Schema: public; Owner: postgres
--

CREATE TABLE public.cleaningdetails (
    cleaning_id integer NOT NULL,
    volume_ml integer,
    usage text
);


ALTER TABLE public.cleaningdetails OWNER TO postgres;

--
-- TOC entry 245 (class 1259 OID 17577)
-- Name: food_details; Type: TABLE; Schema: public; Owner: postgres
--

CREATE TABLE public.food_details (
    food_id bigint NOT NULL,
    expiry_date date,
    ingredients character varying(255),
    weight_kg numeric(38,2)
);


ALTER TABLE public.food_details OWNER TO postgres;

--
-- TOC entry 230 (class 1259 OID 17392)
-- Name: fooddetails; Type: TABLE; Schema: public; Owner: postgres
--

CREATE TABLE public.fooddetails (
    food_id integer NOT NULL,
    weight_kg numeric(5,2),
    ingredients text,
    expiry_date date
);


ALTER TABLE public.fooddetails OWNER TO postgres;

--
-- TOC entry 255 (class 1259 OID 19974)
-- Name: mfa_attempts; Type: TABLE; Schema: public; Owner: postgres
--

CREATE TABLE public.mfa_attempts (
    id bigint NOT NULL,
    created_at timestamp(6) without time zone NOT NULL,
    device_id character varying(255),
    failure_reason character varying(255),
    ip_address character varying(255) NOT NULL,
    success boolean NOT NULL,
    user_agent character varying(255),
    user_email character varying(255) NOT NULL
);


ALTER TABLE public.mfa_attempts OWNER TO postgres;

--
-- TOC entry 254 (class 1259 OID 19973)
-- Name: mfa_attempts_id_seq; Type: SEQUENCE; Schema: public; Owner: postgres
--

ALTER TABLE public.mfa_attempts ALTER COLUMN id ADD GENERATED BY DEFAULT AS IDENTITY (
    SEQUENCE NAME public.mfa_attempts_id_seq
    START WITH 1
    INCREMENT BY 1
    NO MINVALUE
    NO MAXVALUE
    CACHE 1
);


--
-- TOC entry 247 (class 1259 OID 17584)
-- Name: order_details; Type: TABLE; Schema: public; Owner: postgres
--

CREATE TABLE public.order_details (
    order_detail_id bigint NOT NULL,
    price numeric(10,2) NOT NULL,
    quantity integer NOT NULL,
    order_id bigint NOT NULL,
    product_id bigint NOT NULL
);


ALTER TABLE public.order_details OWNER TO postgres;

--
-- TOC entry 246 (class 1259 OID 17583)
-- Name: order_details_order_detail_id_seq; Type: SEQUENCE; Schema: public; Owner: postgres
--

ALTER TABLE public.order_details ALTER COLUMN order_detail_id ADD GENERATED BY DEFAULT AS IDENTITY (
    SEQUENCE NAME public.order_details_order_detail_id_seq
    START WITH 1
    INCREMENT BY 1
    NO MINVALUE
    NO MAXVALUE
    CACHE 1
);


--
-- TOC entry 236 (class 1259 OID 17446)
-- Name: orderdetails; Type: TABLE; Schema: public; Owner: postgres
--

CREATE TABLE public.orderdetails (
    order_detail_id integer NOT NULL,
    order_id integer NOT NULL,
    product_id integer NOT NULL,
    quantity integer NOT NULL,
    price numeric(10,2) NOT NULL
);


ALTER TABLE public.orderdetails OWNER TO postgres;

--
-- TOC entry 235 (class 1259 OID 17445)
-- Name: orderdetails_order_detail_id_seq; Type: SEQUENCE; Schema: public; Owner: postgres
--

CREATE SEQUENCE public.orderdetails_order_detail_id_seq
    AS integer
    START WITH 1
    INCREMENT BY 1
    NO MINVALUE
    NO MAXVALUE
    CACHE 1;


ALTER SEQUENCE public.orderdetails_order_detail_id_seq OWNER TO postgres;

--
-- TOC entry 5264 (class 0 OID 0)
-- Dependencies: 235
-- Name: orderdetails_order_detail_id_seq; Type: SEQUENCE OWNED BY; Schema: public; Owner: postgres
--

ALTER SEQUENCE public.orderdetails_order_detail_id_seq OWNED BY public.orderdetails.order_detail_id;


--
-- TOC entry 234 (class 1259 OID 17430)
-- Name: orders; Type: TABLE; Schema: public; Owner: postgres
--

CREATE TABLE public.orders (
    order_id bigint NOT NULL,
    user_id bigint NOT NULL,
    order_date timestamp without time zone DEFAULT CURRENT_TIMESTAMP,
    status character varying(50) DEFAULT 'pending'::character varying,
    total_amount numeric(10,2)
);


ALTER TABLE public.orders OWNER TO postgres;

--
-- TOC entry 233 (class 1259 OID 17429)
-- Name: orders_order_id_seq; Type: SEQUENCE; Schema: public; Owner: postgres
--

CREATE SEQUENCE public.orders_order_id_seq
    AS integer
    START WITH 1
    INCREMENT BY 1
    NO MINVALUE
    NO MAXVALUE
    CACHE 1;


ALTER SEQUENCE public.orders_order_id_seq OWNER TO postgres;

--
-- TOC entry 5265 (class 0 OID 0)
-- Dependencies: 233
-- Name: orders_order_id_seq; Type: SEQUENCE OWNED BY; Schema: public; Owner: postgres
--

ALTER SEQUENCE public.orders_order_id_seq OWNED BY public.orders.order_id;


--
-- TOC entry 238 (class 1259 OID 17468)
-- Name: payments; Type: TABLE; Schema: public; Owner: postgres
--

CREATE TABLE public.payments (
    payment_id bigint NOT NULL,
    order_id bigint NOT NULL,
    payment_date timestamp without time zone DEFAULT CURRENT_TIMESTAMP,
    method character varying(255),
    amount numeric(38,2)
);


ALTER TABLE public.payments OWNER TO postgres;

--
-- TOC entry 237 (class 1259 OID 17467)
-- Name: payments_payment_id_seq; Type: SEQUENCE; Schema: public; Owner: postgres
--

CREATE SEQUENCE public.payments_payment_id_seq
    AS integer
    START WITH 1
    INCREMENT BY 1
    NO MINVALUE
    NO MAXVALUE
    CACHE 1;


ALTER SEQUENCE public.payments_payment_id_seq OWNER TO postgres;

--
-- TOC entry 5266 (class 0 OID 0)
-- Dependencies: 237
-- Name: payments_payment_id_seq; Type: SEQUENCE OWNED BY; Schema: public; Owner: postgres
--

ALTER SEQUENCE public.payments_payment_id_seq OWNED BY public.payments.payment_id;


--
-- TOC entry 249 (class 1259 OID 17646)
-- Name: product_types; Type: TABLE; Schema: public; Owner: postgres
--

CREATE TABLE public.product_types (
    type_id bigint NOT NULL,
    type_name character varying(50) NOT NULL
);


ALTER TABLE public.product_types OWNER TO postgres;

--
-- TOC entry 248 (class 1259 OID 17645)
-- Name: product_types_type_id_seq; Type: SEQUENCE; Schema: public; Owner: postgres
--

ALTER TABLE public.product_types ALTER COLUMN type_id ADD GENERATED BY DEFAULT AS IDENTITY (
    SEQUENCE NAME public.product_types_type_id_seq
    START WITH 1
    INCREMENT BY 1
    NO MINVALUE
    NO MAXVALUE
    CACHE 1
);


--
-- TOC entry 228 (class 1259 OID 17357)
-- Name: products; Type: TABLE; Schema: public; Owner: postgres
--

CREATE TABLE public.products (
    product_id bigint NOT NULL,
    product_name character varying(100) NOT NULL,
    type_id bigint NOT NULL,
    category_id bigint,
    price numeric(10,2) NOT NULL,
    stock_quantity integer DEFAULT 0,
    description text,
    image_url character varying(255)
);


ALTER TABLE public.products OWNER TO postgres;

--
-- TOC entry 227 (class 1259 OID 17356)
-- Name: products_product_id_seq; Type: SEQUENCE; Schema: public; Owner: postgres
--

CREATE SEQUENCE public.products_product_id_seq
    AS integer
    START WITH 1
    INCREMENT BY 1
    NO MINVALUE
    NO MAXVALUE
    CACHE 1;


ALTER SEQUENCE public.products_product_id_seq OWNER TO postgres;

--
-- TOC entry 5267 (class 0 OID 0)
-- Dependencies: 227
-- Name: products_product_id_seq; Type: SEQUENCE OWNED BY; Schema: public; Owner: postgres
--

ALTER SEQUENCE public.products_product_id_seq OWNED BY public.products.product_id;


--
-- TOC entry 224 (class 1259 OID 17331)
-- Name: producttypes; Type: TABLE; Schema: public; Owner: postgres
--

CREATE TABLE public.producttypes (
    type_id integer NOT NULL,
    type_name character varying(50) NOT NULL
);


ALTER TABLE public.producttypes OWNER TO postgres;

--
-- TOC entry 223 (class 1259 OID 17330)
-- Name: producttypes_type_id_seq; Type: SEQUENCE; Schema: public; Owner: postgres
--

CREATE SEQUENCE public.producttypes_type_id_seq
    AS integer
    START WITH 1
    INCREMENT BY 1
    NO MINVALUE
    NO MAXVALUE
    CACHE 1;


ALTER SEQUENCE public.producttypes_type_id_seq OWNER TO postgres;

--
-- TOC entry 5268 (class 0 OID 0)
-- Dependencies: 223
-- Name: producttypes_type_id_seq; Type: SEQUENCE OWNED BY; Schema: public; Owner: postgres
--

ALTER SEQUENCE public.producttypes_type_id_seq OWNED BY public.producttypes.type_id;


--
-- TOC entry 242 (class 1259 OID 17497)
-- Name: reviews; Type: TABLE; Schema: public; Owner: postgres
--

CREATE TABLE public.reviews (
    review_id bigint NOT NULL,
    user_id bigint NOT NULL,
    product_id bigint NOT NULL,
    rating integer,
    comment text,
    created_at timestamp without time zone DEFAULT CURRENT_TIMESTAMP,
    CONSTRAINT reviews_rating_check CHECK (((rating >= 1) AND (rating <= 5)))
);


ALTER TABLE public.reviews OWNER TO postgres;

--
-- TOC entry 241 (class 1259 OID 17496)
-- Name: reviews_review_id_seq; Type: SEQUENCE; Schema: public; Owner: postgres
--

CREATE SEQUENCE public.reviews_review_id_seq
    AS integer
    START WITH 1
    INCREMENT BY 1
    NO MINVALUE
    NO MAXVALUE
    CACHE 1;


ALTER SEQUENCE public.reviews_review_id_seq OWNER TO postgres;

--
-- TOC entry 5269 (class 0 OID 0)
-- Dependencies: 241
-- Name: reviews_review_id_seq; Type: SEQUENCE OWNED BY; Schema: public; Owner: postgres
--

ALTER SEQUENCE public.reviews_review_id_seq OWNED BY public.reviews.review_id;


--
-- TOC entry 220 (class 1259 OID 17301)
-- Name: roles; Type: TABLE; Schema: public; Owner: postgres
--

CREATE TABLE public.roles (
    role_id bigint NOT NULL,
    role_name character varying(50) NOT NULL
);


ALTER TABLE public.roles OWNER TO postgres;

--
-- TOC entry 219 (class 1259 OID 17300)
-- Name: roles_role_id_seq; Type: SEQUENCE; Schema: public; Owner: postgres
--

CREATE SEQUENCE public.roles_role_id_seq
    AS integer
    START WITH 1
    INCREMENT BY 1
    NO MINVALUE
    NO MAXVALUE
    CACHE 1;


ALTER SEQUENCE public.roles_role_id_seq OWNER TO postgres;

--
-- TOC entry 5270 (class 0 OID 0)
-- Dependencies: 219
-- Name: roles_role_id_seq; Type: SEQUENCE OWNED BY; Schema: public; Owner: postgres
--

ALTER SEQUENCE public.roles_role_id_seq OWNED BY public.roles.role_id;


--
-- TOC entry 257 (class 1259 OID 20015)
-- Name: security_events; Type: TABLE; Schema: public; Owner: postgres
--

CREATE TABLE public.security_events (
    id bigint NOT NULL,
    created_at timestamp(6) without time zone,
    event_type character varying(255),
    ip_address character varying(255),
    message text,
    metadata text,
    user_agent character varying(255),
    user_email character varying(255),
    CONSTRAINT security_events_event_type_check CHECK (((event_type)::text = ANY ((ARRAY['LOGIN_SUCCESS'::character varying, 'LOGIN_FAILED'::character varying, 'OTP_SENT'::character varying, 'OTP_FAILED'::character varying, 'OTP_VERIFIED'::character varying, 'NEW_DEVICE_LOGIN'::character varying, 'DEVICE_TRUSTED'::character varying, 'DEVICE_REMOVED'::character varying, 'SAFE_MODE_ENABLED'::character varying, 'SAFE_MODE_DISABLED'::character varying])::text[])))
);


ALTER TABLE public.security_events OWNER TO postgres;

--
-- TOC entry 256 (class 1259 OID 20014)
-- Name: security_events_id_seq; Type: SEQUENCE; Schema: public; Owner: postgres
--

ALTER TABLE public.security_events ALTER COLUMN id ADD GENERATED BY DEFAULT AS IDENTITY (
    SEQUENCE NAME public.security_events_id_seq
    START WITH 1
    INCREMENT BY 1
    NO MINVALUE
    NO MAXVALUE
    CACHE 1
);


--
-- TOC entry 240 (class 1259 OID 17483)
-- Name: shipments; Type: TABLE; Schema: public; Owner: postgres
--

CREATE TABLE public.shipments (
    shipment_id bigint NOT NULL,
    order_id bigint NOT NULL,
    shipping_address character varying(255),
    shipped_date timestamp without time zone,
    status character varying(255)
);


ALTER TABLE public.shipments OWNER TO postgres;

--
-- TOC entry 239 (class 1259 OID 17482)
-- Name: shipments_shipment_id_seq; Type: SEQUENCE; Schema: public; Owner: postgres
--

CREATE SEQUENCE public.shipments_shipment_id_seq
    AS integer
    START WITH 1
    INCREMENT BY 1
    NO MINVALUE
    NO MAXVALUE
    CACHE 1;


ALTER SEQUENCE public.shipments_shipment_id_seq OWNER TO postgres;

--
-- TOC entry 5271 (class 0 OID 0)
-- Dependencies: 239
-- Name: shipments_shipment_id_seq; Type: SEQUENCE OWNED BY; Schema: public; Owner: postgres
--

ALTER SEQUENCE public.shipments_shipment_id_seq OWNED BY public.shipments.shipment_id;


--
-- TOC entry 251 (class 1259 OID 18288)
-- Name: trusted_devices; Type: TABLE; Schema: public; Owner: postgres
--

CREATE TABLE public.trusted_devices (
    id bigint NOT NULL,
    device_id character varying(255),
    ip_address character varying(255),
    last_login timestamp(6) without time zone,
    trusted boolean NOT NULL,
    user_agent character varying(255),
    user_email character varying(255),
    expires_at timestamp(6) without time zone,
    created_at timestamp(6) without time zone,
    host_name character varying(255)
);


ALTER TABLE public.trusted_devices OWNER TO postgres;

--
-- TOC entry 250 (class 1259 OID 18287)
-- Name: trusted_devices_id_seq; Type: SEQUENCE; Schema: public; Owner: postgres
--

ALTER TABLE public.trusted_devices ALTER COLUMN id ADD GENERATED BY DEFAULT AS IDENTITY (
    SEQUENCE NAME public.trusted_devices_id_seq
    START WITH 1
    INCREMENT BY 1
    NO MINVALUE
    NO MAXVALUE
    CACHE 1
);


--
-- TOC entry 261 (class 1259 OID 20036)
-- Name: user_known_ips; Type: TABLE; Schema: public; Owner: postgres
--

CREATE TABLE public.user_known_ips (
    id bigint NOT NULL,
    first_seen timestamp(6) without time zone NOT NULL,
    ip_address character varying(45) NOT NULL,
    last_seen timestamp(6) without time zone NOT NULL,
    location character varying(100),
    login_count integer NOT NULL,
    user_agent character varying(500),
    user_email character varying(100) NOT NULL
);


ALTER TABLE public.user_known_ips OWNER TO postgres;

--
-- TOC entry 260 (class 1259 OID 20035)
-- Name: user_known_ips_id_seq; Type: SEQUENCE; Schema: public; Owner: postgres
--

ALTER TABLE public.user_known_ips ALTER COLUMN id ADD GENERATED BY DEFAULT AS IDENTITY (
    SEQUENCE NAME public.user_known_ips_id_seq
    START WITH 1
    INCREMENT BY 1
    NO MINVALUE
    NO MAXVALUE
    CACHE 1
);


--
-- TOC entry 259 (class 1259 OID 20025)
-- Name: user_sessions; Type: TABLE; Schema: public; Owner: postgres
--

CREATE TABLE public.user_sessions (
    id bigint NOT NULL,
    created_at timestamp(6) without time zone,
    device_id character varying(255),
    host_name character varying(255),
    ip_address character varying(255),
    last_used_at timestamp(6) without time zone,
    refresh_token_hash character varying(255),
    revoked boolean NOT NULL,
    user_agent character varying(255),
    user_email character varying(255)
);


ALTER TABLE public.user_sessions OWNER TO postgres;

--
-- TOC entry 258 (class 1259 OID 20024)
-- Name: user_sessions_id_seq; Type: SEQUENCE; Schema: public; Owner: postgres
--

ALTER TABLE public.user_sessions ALTER COLUMN id ADD GENERATED BY DEFAULT AS IDENTITY (
    SEQUENCE NAME public.user_sessions_id_seq
    START WITH 1
    INCREMENT BY 1
    NO MINVALUE
    NO MAXVALUE
    CACHE 1
);


--
-- TOC entry 222 (class 1259 OID 17310)
-- Name: users; Type: TABLE; Schema: public; Owner: postgres
--

CREATE TABLE public.users (
    user_id bigint NOT NULL,
    username character varying(50) NOT NULL,
    password_hash character varying(255) NOT NULL,
    email character varying(100) NOT NULL,
    phone character varying(20),
    address character varying(255),
    role_id bigint NOT NULL,
    mfa_enabled boolean,
    mfa_secret character varying(255),
    safe_mode_until timestamp(6) without time zone,
    email_verified boolean
);


ALTER TABLE public.users OWNER TO postgres;

--
-- TOC entry 221 (class 1259 OID 17309)
-- Name: users_user_id_seq; Type: SEQUENCE; Schema: public; Owner: postgres
--

CREATE SEQUENCE public.users_user_id_seq
    AS integer
    START WITH 1
    INCREMENT BY 1
    NO MINVALUE
    NO MAXVALUE
    CACHE 1;


ALTER SEQUENCE public.users_user_id_seq OWNER TO postgres;

--
-- TOC entry 5272 (class 0 OID 0)
-- Dependencies: 221
-- Name: users_user_id_seq; Type: SEQUENCE OWNED BY; Schema: public; Owner: postgres
--

ALTER SEQUENCE public.users_user_id_seq OWNED BY public.users.user_id;


--
-- TOC entry 4972 (class 2604 OID 17542)
-- Name: categories category_id; Type: DEFAULT; Schema: public; Owner: postgres
--

ALTER TABLE ONLY public.categories ALTER COLUMN category_id SET DEFAULT nextval('public.categories_category_id_seq'::regclass);


--
-- TOC entry 4979 (class 2604 OID 17449)
-- Name: orderdetails order_detail_id; Type: DEFAULT; Schema: public; Owner: postgres
--

ALTER TABLE ONLY public.orderdetails ALTER COLUMN order_detail_id SET DEFAULT nextval('public.orderdetails_order_detail_id_seq'::regclass);


--
-- TOC entry 4976 (class 2604 OID 17594)
-- Name: orders order_id; Type: DEFAULT; Schema: public; Owner: postgres
--

ALTER TABLE ONLY public.orders ALTER COLUMN order_id SET DEFAULT nextval('public.orders_order_id_seq'::regclass);


--
-- TOC entry 4980 (class 2604 OID 17627)
-- Name: payments payment_id; Type: DEFAULT; Schema: public; Owner: postgres
--

ALTER TABLE ONLY public.payments ALTER COLUMN payment_id SET DEFAULT nextval('public.payments_payment_id_seq'::regclass);


--
-- TOC entry 4973 (class 2604 OID 17653)
-- Name: products product_id; Type: DEFAULT; Schema: public; Owner: postgres
--

ALTER TABLE ONLY public.products ALTER COLUMN product_id SET DEFAULT nextval('public.products_product_id_seq'::regclass);


--
-- TOC entry 4971 (class 2604 OID 17334)
-- Name: producttypes type_id; Type: DEFAULT; Schema: public; Owner: postgres
--

ALTER TABLE ONLY public.producttypes ALTER COLUMN type_id SET DEFAULT nextval('public.producttypes_type_id_seq'::regclass);


--
-- TOC entry 4983 (class 2604 OID 17716)
-- Name: reviews review_id; Type: DEFAULT; Schema: public; Owner: postgres
--

ALTER TABLE ONLY public.reviews ALTER COLUMN review_id SET DEFAULT nextval('public.reviews_review_id_seq'::regclass);


--
-- TOC entry 4969 (class 2604 OID 17750)
-- Name: roles role_id; Type: DEFAULT; Schema: public; Owner: postgres
--

ALTER TABLE ONLY public.roles ALTER COLUMN role_id SET DEFAULT nextval('public.roles_role_id_seq'::regclass);


--
-- TOC entry 4982 (class 2604 OID 17763)
-- Name: shipments shipment_id; Type: DEFAULT; Schema: public; Owner: postgres
--

ALTER TABLE ONLY public.shipments ALTER COLUMN shipment_id SET DEFAULT nextval('public.shipments_shipment_id_seq'::regclass);


--
-- TOC entry 4970 (class 2604 OID 17785)
-- Name: users user_id; Type: DEFAULT; Schema: public; Owner: postgres
--

ALTER TABLE ONLY public.users ALTER COLUMN user_id SET DEFAULT nextval('public.users_user_id_seq'::regclass);


--
-- TOC entry 5249 (class 0 OID 19958)
-- Dependencies: 253
-- Data for Name: backup_codes; Type: TABLE DATA; Schema: public; Owner: postgres
--

COPY public.backup_codes (backup_code_id, code_hash, created_at, used, used_at, user_id) FROM stdin;
111	$2a$10$yNBEAuRAKBKQ3fA4Pi/KjOxNJH.GeIvKu4cbSRBRJd1mTG52StfG2	2025-11-17 08:29:57.266413	f	\N	20
112	$2a$10$TyFl5Ii1I1j97CTih9Mey.e3Cg54hPv92XLM/tzzmVyksurUXFeCu	2025-11-17 08:29:57.27105	f	\N	20
113	$2a$10$kIAKzXw/RGjYspG1IZrmXeeCIpO2TEduxFihCkZgLQ1reJz7qbSy.	2025-11-17 08:29:57.27105	f	\N	20
114	$2a$10$KNFlvB8CBHz9HUZ5syvNeOyPsTuyU35HdNK./TSdITPXAZnv5A0iG	2025-11-17 08:29:57.277254	f	\N	20
115	$2a$10$DbbttjG5bzK6L/.Nlm81TOZlunobKYCjM1.oXHSelkal78RXCWEZC	2025-11-17 08:29:57.277812	f	\N	20
116	$2a$10$0EcdVeUwBHWwxtr31iIU/Od6XTT.4Sz2GAr/Vq06jB1q3mfdhyRVa	2025-11-17 08:29:57.277812	f	\N	20
117	$2a$10$rggsoVjpVZEDfTJRQ.EU8OfKXnLIvUrU/Vy8cjYd5MjfLGriuSS.e	2025-11-17 08:29:57.277812	f	\N	20
118	$2a$10$gSfi6fQdFmEHrPqL7l/X0.ZIePJBrboUv4U6Zg0JaomgRNpHcobj2	2025-11-17 08:29:57.277812	f	\N	20
119	$2a$10$a4VjbjFaYkrE8Hm9gPGlJutv0P7KAKKXbH7aEejRC5rZAAc7LfU1y	2025-11-17 08:29:57.283889	f	\N	20
120	$2a$10$gJQgGJusE.L0snQDNOwxD.gCRZB.XsrNB08gFMM5LmuQ3UWU20Lbi	2025-11-17 08:29:57.284313	f	\N	20
121	$2a$10$f2Pp7WE9XGCEaa/9TwhTOeE7A2iNLpHoifZosNKM6m39SVfpLas8K	2025-11-19 14:59:54.788344	f	\N	21
122	$2a$10$dEPV6EnAuCOOKTzQV4d/.Ow2FjLcih/W3oQZ//TELO.n6tU8WPVcm	2025-11-19 14:59:54.804897	f	\N	21
123	$2a$10$VCxkf7cbwk1OW/kYWqQ/cOFEzYlvlUP5OHmdBbcGfihu5tFGhJCKe	2025-11-19 14:59:54.806906	f	\N	21
124	$2a$10$lRiRRF3/PMasHsOZ4Ez5v.cM3R1etBvK5pXFPzYUsdol2OfVZHpo6	2025-11-19 14:59:54.80799	f	\N	21
125	$2a$10$tf.LoPSvBKo6ZODaQI6fyO4dS5li71PiLHO1q0BIwZR2otCg2mfOm	2025-11-19 14:59:54.809188	f	\N	21
126	$2a$10$099iW31oVlMM16HnKuOhW.OWWnjI1gf898X2j/.YH11FPE/AqXNoS	2025-11-19 14:59:54.811728	f	\N	21
127	$2a$10$NTs04jdEQZvsSvh/n1ten.1yiad5xUv.So/n45dWU2NY7eQ8SPnE.	2025-11-19 14:59:54.812716	f	\N	21
128	$2a$10$EHYOG3EpYzF23UssF.rTEuNGTWcR6ZCV442akQj2UPPTNz/JmyalS	2025-11-19 14:59:54.814814	f	\N	21
129	$2a$10$rkO8WsFyE8rc2XHdvFxNA.SjphjfDlx11A1BRxYETgOmT.8Y84UvG	2025-11-19 14:59:54.817833	f	\N	21
130	$2a$10$ddjCkhWXQU39x78kr6284.9pHqFWYVK4BQLPx9msMqeVx5hpjF8Fq	2025-11-19 14:59:54.819876	f	\N	21
51	$2a$10$WWvFxhWO/QO4IHcfFE1wx.Mpq6lPbqBiNUT2XkezBv27/1/FuQ4Oq	2025-11-16 16:32:44.816601	f	\N	13
52	$2a$10$/Wly0Qcf1xFw29wf.2qPn.OoRoek1YOjo.T5slzr4ypaNm/bIyzv2	2025-11-16 16:32:44.833045	f	\N	13
53	$2a$10$rmLIe4ztLWG2qz.QUFCcOOPiggAq7q2yOqIN3kWUdRxujzy3uuvDa	2025-11-16 16:32:44.833045	f	\N	13
54	$2a$10$DxaPCWAcGptP7XHoSzqqWuOFNESoIZpfQin5FwxIu6DruIRmtDfSu	2025-11-16 16:32:44.833045	f	\N	13
55	$2a$10$Y..2daGlBLiDYCePfWh.lOvFDNK2NN3ZHF9uT11rEDC4EIEa1bECG	2025-11-16 16:32:44.833045	f	\N	13
56	$2a$10$nA0jp5bMw//Sr1o5r5GQHOMHAEzQFD8O9e43LA0p7rLF9DCPZcKHC	2025-11-16 16:32:44.833045	f	\N	13
57	$2a$10$h0PJOfJ.6Dtk1dtFMbU/iO8C0.CNoaB87IK40pj/tt77AbjuXrtw.	2025-11-16 16:32:44.833045	f	\N	13
58	$2a$10$UbnMfOAa0cXuNdM7ugURNup/NOg8rQpGfNZwIUV61rvk9pqoT0GnW	2025-11-16 16:32:44.833045	f	\N	13
59	$2a$10$CFu5N8mgmbSEA4pTTQoJoeHV.Iyvg8y6atGa/iTXbPAIP.DhjrkY.	2025-11-16 16:32:44.841362	f	\N	13
60	$2a$10$VwmBLyd3pTkXLKwHM./aZugyzQE7ZqY73vkwplQK9Qr75jm7vAVqG	2025-11-16 16:32:44.841996	f	\N	13
151	$2a$10$.VWOFBKANFEJTodhgs3L.uB0PBVIDdzI6JGegiWvR8MgO1ZcNaLGG	2025-12-08 09:51:03.066556	f	\N	11
152	$2a$10$X.YTCmC8uS3FzUJun5RFqePJp1ZlS1Nomfuyll4WJD5xlMy/v23PW	2025-12-08 09:51:03.09774	f	\N	11
153	$2a$10$8aoH8cUQLxNErpZ8mS1.MuhbpVjaqboGH/PVH3dtI6JN/nEb6ZMrS	2025-12-08 09:51:03.104659	f	\N	11
154	$2a$10$hO.4UUiYrgJ1O6UfeO0ld.JCgrwV5ls21QeEMSh8Odt/w5KzdoCTK	2025-12-08 09:51:03.105188	f	\N	11
155	$2a$10$JoBRf/xLnDkH5eerku1Q7OV7YWLe5fE0DeWWUHlbmAEYQWIdp2P1K	2025-12-08 09:51:03.105188	f	\N	11
156	$2a$10$rDMLtDclGfGDZcsZ/hV.hue5g7VIrFd2AJ6fkunWZf5AXDhb84/W2	2025-12-08 09:51:03.108232	f	\N	11
157	$2a$10$XnTGScrRBIhTGdzSmfYQZOMNWzze8.yKMGRJk0fptfLRwKalG56tm	2025-12-08 09:51:03.110262	f	\N	11
158	$2a$10$PtqcoYbwofj8TDK6TP0Ld.q1FIGpD.kTMblZt832Unu5NNst2wAeu	2025-12-08 09:51:03.110262	f	\N	11
159	$2a$10$F4WkywX3/umXzNwrVOIFpOVxXpmuTeLtqXdGc5TPyEYQHEoBL/14i	2025-12-08 09:51:03.114898	f	\N	11
160	$2a$10$.eclJjaFyFOP6xulGKkhvuukro0EnMwnWhxs8gnvZm/fUvYawkdJq	2025-12-08 09:51:03.115433	f	\N	11
\.


--
-- TOC entry 5239 (class 0 OID 17520)
-- Dependencies: 243
-- Data for Name: cage_details; Type: TABLE DATA; Schema: public; Owner: postgres
--

COPY public.cage_details (cage_id, dimensions, material) FROM stdin;
\.


--
-- TOC entry 5227 (class 0 OID 17405)
-- Dependencies: 231
-- Data for Name: cagedetails; Type: TABLE DATA; Schema: public; Owner: postgres
--

COPY public.cagedetails (cage_id, material, dimensions) FROM stdin;
21	Plastic	40x30x15cm
22	Hard Plastic	50x35x35cm
23	Plastic	55x45x45cm
24	Fabric	45x30x30cm
25	Metal/Plastic	100x60x150cm
\.


--
-- TOC entry 5225 (class 0 OID 17380)
-- Dependencies: 229
-- Data for Name: catdetails; Type: TABLE DATA; Schema: public; Owner: postgres
--

COPY public.catdetails (cat_id, breed, age, gender, vaccinated) FROM stdin;
1	Persian	0	Male	t
2	Siamese	1	Female	t
3	Munchkin	0	Male	t
4	Siamese	2	Male	t
5	Exotic Shorthair	1	Female	t
6	Persian	3	Female	t
8	Domestic Short Hair	0	Male	f
9	Ragdoll	2	Male	t
10	Himalayan	0	Female	t
\.


--
-- TOC entry 5222 (class 0 OID 17340)
-- Dependencies: 226
-- Data for Name: categories; Type: TABLE DATA; Schema: public; Owner: postgres
--

COPY public.categories (category_id, category_name, description, type_id) FROM stdin;
1	Persian	Fluffy and gentle breed	1
2	Siamese	Vocal and affectionate breed	1
3	Dry Food (Kitten)	High protein formula for growing kittens	2
4	Wet Food (Adult)	Hydrating meal for adult cat maintenance	2
5	Litter Boxes	Various styles of litter housings	3
6	Carriers	Secure and comfortable carriers for transport	3
7	Shampoo & Conditioner	Products for coat cleaning and conditioning	4
8	Litter Deodorizers	Products to control and neutralize litter odors	4
9	Scratching Posts	Durable posts for claw health and furniture protection	1
10	Interactive Toys	Toys designed for mental and physical stimulation	1
\.


--
-- TOC entry 5240 (class 0 OID 17569)
-- Dependencies: 244
-- Data for Name: cleaning_details; Type: TABLE DATA; Schema: public; Owner: postgres
--

COPY public.cleaning_details (cleaning_id, usage, volume_ml) FROM stdin;
\.


--
-- TOC entry 5228 (class 0 OID 17416)
-- Dependencies: 232
-- Data for Name: cleaningdetails; Type: TABLE DATA; Schema: public; Owner: postgres
--

COPY public.cleaningdetails (cleaning_id, volume_ml, usage) FROM stdin;
26	500	Spray on affected area, wait 5 min, blot clean.
27	300	Apply to wet coat, lather, rinse well.
28	200	Sprinkle over litter, mix gently.
29	150	Apply foam to coat, massage, brush out.
30	750	Spray directly on stain, scrub with brush.
\.


--
-- TOC entry 5241 (class 0 OID 17577)
-- Dependencies: 245
-- Data for Name: food_details; Type: TABLE DATA; Schema: public; Owner: postgres
--

COPY public.food_details (food_id, expiry_date, ingredients, weight_kg) FROM stdin;
\.


--
-- TOC entry 5226 (class 0 OID 17392)
-- Dependencies: 230
-- Data for Name: fooddetails; Type: TABLE DATA; Schema: public; Owner: postgres
--

COPY public.fooddetails (food_id, weight_kg, ingredients, expiry_date) FROM stdin;
11	2.00	Chicken, Rice, Essential Vitamins and Minerals	2026-03-01
12	0.40	Chicken Broth, Meat, Liver	2025-11-15
13	5.00	Salmon, Sweet Potato, Peas, Grain-Free	2026-01-20
14	1.00	Salmon, Fish Broth, Senior Formula	2025-12-05
15	10.00	Chicken, Corn, Wheat, Large Bag Value	2026-04-10
16	0.40	Tuna, Shrimp, Water, Gourmet Flavor	2025-10-25
17	3.00	Chicken, High Fiber Content, Fish Oil	2026-02-01
18	0.50	Assorted Vegetables, Water, Vegan Friendly	2025-12-10
19	4.00	Turkey, Oats, L-Carnitine for Weight Management	2026-01-01
20	0.20	Milk Solids, Essential Taurine, Powdered Formula	2025-11-01
\.


--
-- TOC entry 5251 (class 0 OID 19974)
-- Dependencies: 255
-- Data for Name: mfa_attempts; Type: TABLE DATA; Schema: public; Owner: postgres
--

COPY public.mfa_attempts (id, created_at, device_id, failure_reason, ip_address, success, user_agent, user_email) FROM stdin;
\.


--
-- TOC entry 5243 (class 0 OID 17584)
-- Dependencies: 247
-- Data for Name: order_details; Type: TABLE DATA; Schema: public; Owner: postgres
--

COPY public.order_details (order_detail_id, price, quantity, order_id, product_id) FROM stdin;
2	450.00	1	12	2
3	750.00	1	12	1
4	300.00	1	13	8
5	850.00	1	14	10
6	300.00	1	14	8
7	850.00	1	15	10
8	300.00	1	15	8
9	300.00	1	16	8
10	850.00	1	16	10
11	750.00	1	16	1
12	300.00	1	17	8
13	850.00	1	17	10
14	750.00	1	17	1
15	750.00	1	18	1
16	550.00	1	18	4
17	680.00	1	18	5
18	450.00	1	18	2
19	900.00	1	18	6
20	750.00	1	19	1
21	450.00	1	19	2
22	750.00	1	20	1
23	450.00	1	20	2
24	450.00	1	21	2
25	450.00	1	22	2
26	450.00	1	23	2
27	450.00	1	24	2
28	450.00	1	25	2
29	450.00	1	26	2
\.


--
-- TOC entry 5232 (class 0 OID 17446)
-- Dependencies: 236
-- Data for Name: orderdetails; Type: TABLE DATA; Schema: public; Owner: postgres
--

COPY public.orderdetails (order_detail_id, order_id, product_id, quantity, price) FROM stdin;
1	1	1	1	750.00
2	1	12	1	1.50
3	1	26	1	9.49
4	2	23	1	50.00
5	2	16	1	0.50
6	3	11	1	45.99
7	3	29	1	10.00
8	4	4	1	550.00
9	5	21	1	25.00
10	5	32	1	15.00
11	6	30	1	15.99
12	6	36	1	3.50
13	7	24	1	45.00
14	7	38	2	30.00
15	8	31	1	8.00
16	8	35	1	20.00
17	9	5	1	680.00
18	10	34	2	5.00
19	10	37	1	18.00
20	10	40	1	10.00
\.


--
-- TOC entry 5230 (class 0 OID 17430)
-- Dependencies: 234
-- Data for Name: orders; Type: TABLE DATA; Schema: public; Owner: postgres
--

COPY public.orders (order_id, user_id, order_date, status, total_amount) FROM stdin;
1	2	2025-09-01 10:00:00	completed	760.99
2	3	2025-09-02 14:30:00	completed	50.50
3	4	2025-09-03 16:00:00	completed	40.99
4	5	2025-09-04 09:00:00	completed	550.00
5	6	2025-09-05 11:45:00	processing	25.00
6	7	2025-09-06 17:00:00	pending	19.99
7	2	2025-09-07 13:00:00	completed	120.00
8	8	2025-09-08 10:00:00	completed	18.00
9	9	2025-09-09 15:30:00	shipped	680.00
10	10	2025-09-10 12:00:00	completed	7.00
11	13	2025-11-13 03:05:55.15106	PENDING	450.00
12	13	2025-11-13 03:10:55.77688	PENDING	1200.00
13	11	2025-11-13 07:36:37.292379	PENDING	300.00
14	11	2025-11-13 07:36:58.293641	PENDING	1150.00
15	11	2025-11-13 07:37:02.052792	PENDING	1150.00
16	11	2025-11-13 07:44:09.687569	PENDING	1900.00
17	11	2025-11-13 07:44:21.6715	PENDING	1900.00
18	11	2025-11-13 07:46:19.872535	PENDING	3330.00
19	11	2025-11-13 07:54:51.927982	PENDING	1200.00
20	11	2025-11-13 07:55:05.935309	PENDING	1200.00
21	11	2025-11-13 08:22:47.656643	PENDING	450.00
22	11	2025-11-13 08:22:56.232943	PENDING	450.00
23	11	2025-11-13 08:23:42.007478	PENDING	450.00
24	11	2025-11-13 08:23:54.096023	PENDING	450.00
25	11	2025-11-13 08:24:07.474559	PENDING	450.00
26	11	2025-11-13 08:30:46.233739	PENDING	450.00
\.


--
-- TOC entry 5234 (class 0 OID 17468)
-- Dependencies: 238
-- Data for Name: payments; Type: TABLE DATA; Schema: public; Owner: postgres
--

COPY public.payments (payment_id, order_id, payment_date, method, amount) FROM stdin;
1	1	2025-09-01 10:05:00	Credit Card	760.99
2	2	2025-09-02 14:35:00	Cash on Delivery	50.50
3	3	2025-09-03 16:05:00	E-Wallet	40.99
4	4	2025-09-04 09:05:00	Credit Card	550.00
5	7	2025-09-07 13:05:00	Credit Card	120.00
6	8	2025-09-08 10:05:00	E-Wallet	18.00
7	10	2025-09-10 12:05:00	Cash on Delivery	7.00
\.


--
-- TOC entry 5245 (class 0 OID 17646)
-- Dependencies: 249
-- Data for Name: product_types; Type: TABLE DATA; Schema: public; Owner: postgres
--

COPY public.product_types (type_id, type_name) FROM stdin;
1	Cat
2	Food
3	Cage
4	Cleaning
\.


--
-- TOC entry 5224 (class 0 OID 17357)
-- Dependencies: 228
-- Data for Name: products; Type: TABLE DATA; Schema: public; Owner: postgres
--

COPY public.products (product_id, product_name, type_id, category_id, price, stock_quantity, description, image_url) FROM stdin;
1	Fluffy Persian Kitten (M)	1	1	750.00	1	8-week-old male Persian, very playful.	https://dollfacepersiankittens.com/wp-content/uploads/2025/03/Teddy-16-scaled.jpg
2	Sweet Siamese Cat (F)	1	2	450.00	1	1-year-old female Siamese, loves to cuddle.	https://i.ytimg.com/vi/-SQIU1KZnXk/maxresdefault.jpg
3	Munchkin Kitten (M)	1	2	800.00	1	6-month-old male Munchkin, short legs.	https://d3544la1u8djza.cloudfront.net/APHI/Blog/2024/January/munchkin-cat-breed.jpg
4	Blue Point Siamese (M)	1	2	550.00	1	Adult male Siamese, striking blue eyes.	https://www.hepper.com/wp-content/uploads/2021/06/blue-point-siamese-cat_Shutterstock_Tatiana-Chekryzhova.jpg
6	Chinchilla Persian (F)	1	1	900.00	1	Beautiful silver coat, very rare.	https://www.cwvet.co.uk/wp-content/uploads/2018/01/CWVET-Chinchilla-cat.jpg
8	Tabby Mix Kitten (M)	1	2	300.00	1	Friendly rescue kitten, needs a home.	https://www.shutterstock.com/shutterstock/photos/1159130917…ium-hair-brown-tabby-mix-kitten-on-human-bed-1159130917.jpg
9	Ragdoll Cat (M)	1	2	780.00	1	Calm and floppy Ragdoll, perfect lap cat.	https://www.burgesspetcare.com/wp-content/uploads/2025/06/All-about-Ragdoll-cats-.jpg
10	Himalayan Kitten (F)	1	1	850.00	1	Long-haired Persian variant, very sweet.	https://consumer-cms.petfinder.com/sites/default/files/images/content/Himalayan%20Cat%202.jpg
11	Premium Kitten Dry Food	2	3	45.99	50	2kg bag, essential nutrients for kittens.	https://image.chewy.com/catalog/general/images/blue-buffalo…at-food-10lb-bundle/img-312877._AC_SX500_SY400_QL75_V1_.jpg
12	Adult Chicken Wet Food Can	2	4	1.50	200	Single can of high-moisture chicken food.	https://image.chewy.com/catalog/general/images/hills-scienc…od-5-5oz-case-of-24/img-326519._AC_SX500_SY400_QL75_V1_.jpg
13	Grain-Free Adult Dry Food	2	3	35.00	30	5kg bag, sensitive stomach formula.	https://m.media-amazon.com/images/I/91E7024WumL._AC_UF1000,1000_QL80_.jpg
14	Senior Salmon Wet Food Pouch	2	4	10.50	120	Pack of 12 pouches for older cats.	https://image.chewy.com/catalog/general/images/blue-buffalo…oz-pouch-case-of-12/img-148751._AC_SX500_SY400_QL75_V1_.jpg
15	Large Bag Kitten Dry Food	2	3	75.99	15	10kg bag, best value.	https://img.cdn4dd.com/cdn-cgi/image/fit=contain,width=1200…tosV2/e66b1707-1fdf-47a3-a654-dfa589a8e0a9-retina-large.jpg
16	Tuna & Shrimp Wet Food	2	4	1.75	180	Gourmet flavor single can.	https://m.media-amazon.com/images/I/81-BxtMc20L.jpg
17	Specialized Hairball Formula	2	3	40.00	25	3kg bag, helps with hairball control.	https://m.media-amazon.com/images/I/71E9eWlRG+L.jpg_BO30,255,255,255_UF900,850_SR1910,1000,0,C_QL100_.jpg
18	Vegetarian Wet Food	2	4	12.99	90	Pack of 6 vegetarian-friendly cans.	https://m.media-amazon.com/images/I/613VFLM5PEL._AC_UF350,350_QL80_.jpg
19	Weight Control Dry Food	2	3	30.00	40	4kg bag, low-calorie formula.	https://m.media-amazon.com/images/I/313Tw8IhocL.jpg
20	Milk Replacer for Kittens	2	4	15.00	50	Powdered formula for young kittens.	https://m.media-amazon.com/images/I/71gxQOSlGjL._AC_UF1000,1000_QL80_.jpg
21	Basic Litter Box	3	5	25.00	20	Simple plastic litter pan.	https://m.media-amazon.com/images/I/71K3nFBZH3L._AC_UF894,1000_QL80_.jpg
22	Large Pet Carrier	3	6	75.00	10	Airline-approved plastic carrier.	https://m.media-amazon.com/images/I/712VUhoLC+L._AC_UF1000,1000_QL80_.jpg
23	Enclosed Litter Box	3	5	50.00	15	Box with a hood for privacy.	https://m.media-amazon.com/images/I/61LnNnAyqaL._AC_UF350,350_QL80_.jpg
24	Soft-Sided Travel Carrier	3	6	45.00	12	Collapsible fabric carrier.	https://m.media-amazon.com/images/I/81oYvm+QjzL._AC_UF1000,1000_QL80_.jpg
25	Luxury Cat Condo Cage	3	2	150.00	5	Multi-level living space for one cat.	https://m.media-amazon.com/images/I/71hPpvbh2GL._AC_UF1000,1000_QL80_.jpg
26	Odor Eliminator Spray	4	8	12.99	70	Enzymatic cleaner for urine odors.	https://m.media-amazon.com/images/S/aplus-media-library-ser…-4f7e-91ab-a1db6ba058a6.__CR0,0,600,450_PT0_SX600_V1___.jpg
27	Gentle Cat Shampoo	4	7	8.50	50	Tearless formula for sensitive skin.	https://m.media-amazon.com/images/I/61uw2w4jkhL.jpg_BO30,255,255,255_UF900,850_SR1910,1000,0,C_QL100_.jpg
28	Litter Box Deodorizing Powder	4	8	5.99	80	Shake-on powder for litter freshness.	https://m.media-amazon.com/images/I/71qSJOwyoOL.jpg
29	Waterless Foam Shampoo	4	7	10.00	60	Quick clean without bathing.	https://m.media-amazon.com/images/I/51N8E4GPavL.jpg
30	Stain Remover & Cleaner	4	8	15.99	45	Heavy-duty spot cleaner.	https://m.media-amazon.com/images/I/51LioXdbQzL._AC_UF1000,1000_QL80_.jpg
31	Feather Wand Toy	1	10	8.00	100	Classic feather toy for interactive play.	https://m.media-amazon.com/images/S/aplus-media-library-ser…-4178-9826-e5c506a8a2e6.__CR0,0,970,600_PT0_SX970_V1___.jpg
32	Small Sisal Scratching Post	1	9	15.00	40	Compact post for small spaces.	https://m.media-amazon.com/images/I/71pAZppdsZL._AC_UF1000,1000_QL80_.jpg
33	Electronic Mouse Toy	1	10	25.00	30	Battery-operated moving mouse.	https://m.media-amazon.com/images/I/61vQsTY1YIL._AC_UF350,350_QL80_.jpg
34	Catnip Mice Set (5-pack)	1	10	5.00	120	Small plush mice filled with catnip.	https://m.media-amazon.com/images/I/81YmaOipfTL.jpg
35	Large Cardboard Scratcher	1	9	20.00	50	Flat scratcher with catnip included.	https://m.media-amazon.com/images/I/61UbiR-KohL._AC_UF1000,1000_QL80_.jpg
36	Laser Pointer Toy	1	10	3.50	150	LED light toy for chasing.	https://m.media-amazon.com/images/I/71Z6h0x0V+L.jpg_BO30,255,255,255_UF900,850_SR1910,1000,0,C_QL100_.jpg
37	Tunnel for Play	1	10	18.00	20	Crinkly fabric tunnel.	https://m.media-amazon.com/images/I/718CtlOS+bL._AC_UF1000,1000_QL80_.jpg
38	Vertical Sisal Post	1	9	30.00	15	Tall scratching post with a base.	https://m.media-amazon.com/images/I/51mktcFA3sL._AC_UF350,350_QL80_.jpg
39	Puzzle Food Dispenser	1	10	12.00	40	Interactive toy that dispenses kibble.	https://m.media-amazon.com/images/I/61Gv4Yn8jzL._AC_UF894,1000_QL80_.jpg
40	Ball and Track Toy	1	10	10.00	60	Circular track with a spinning ball.	https://m.media-amazon.com/images/I/61KcO3HAskL._AC_UF1000,1000_QL80_.jpg
5	Exotic Shorthair (F)	1	1	680.00	1	Young female Persian mix, short coat.	https://media.istockphoto.com/id/1490265353/photo/a-ginger-…612&w=0&k=20&c=tccLp_K6AZUwO0SXgZk3cf_CY9oh3N5SEm_v8t_t4D4=
\.


--
-- TOC entry 5220 (class 0 OID 17331)
-- Dependencies: 224
-- Data for Name: producttypes; Type: TABLE DATA; Schema: public; Owner: postgres
--

COPY public.producttypes (type_id, type_name) FROM stdin;
1	Cat
2	Food
3	Cage
4	Cleaning
5	Toy
\.


--
-- TOC entry 5238 (class 0 OID 17497)
-- Dependencies: 242
-- Data for Name: reviews; Type: TABLE DATA; Schema: public; Owner: postgres
--

COPY public.reviews (review_id, user_id, product_id, rating, comment, created_at) FROM stdin;
1	2	1	5	My new kitten is perfect! Healthy and playful.	2025-09-15 08:00:00
2	3	23	4	Good size, wish the plastic was a bit thicker.	2025-09-16 11:30:00
3	4	11	5	My kitten loves this food. Great price too.	2025-09-17 14:00:00
4	5	4	5	The Siamese is a beautiful, affectionate cat.	2025-09-18 09:00:00
5	2	26	3	Decent odor control, but I had to use a lot of spray.	2025-09-19 10:00:00
6	8	31	5	My cat can't get enough of this feather toy.	2025-09-20 12:00:00
7	9	5	5	Quick and smooth adoption process. Excellent cat.	2025-09-21 15:30:00
8	10	34	4	Standard catnip mice, good value for the price.	2025-09-22 17:00:00
9	3	16	5	My cat is very picky, but he gobbled this up.	2025-09-23 11:00:00
10	4	29	4	The foam is great for a quick clean between baths.	2025-09-24 13:00:00
11	7	30	5	Best stain remover I've ever used. Totally removed a few old spots.	2025-09-25 14:00:00
\.


--
-- TOC entry 5216 (class 0 OID 17301)
-- Dependencies: 220
-- Data for Name: roles; Type: TABLE DATA; Schema: public; Owner: postgres
--

COPY public.roles (role_id, role_name) FROM stdin;
1	Admin
2	Customer
\.


--
-- TOC entry 5253 (class 0 OID 20015)
-- Dependencies: 257
-- Data for Name: security_events; Type: TABLE DATA; Schema: public; Owner: postgres
--

COPY public.security_events (id, created_at, event_type, ip_address, message, metadata, user_agent, user_email) FROM stdin;
1	2025-11-18 22:02:23.595683	LOGIN_SUCCESS	0:0:0:0:0:0:0:1	Đăng nhập thành công	{"deviceId":"a2fb0792-f2cb-423d-a419-6e154ab799ea","hostName":"0:0:0:0:0:0:0:1"}	Mozilla/5.0 (Windows NT 10.0; Win64; x64) AppleWebKit/537.36 (KHTML, like Gecko) Chrome/140.0.0.0 Safari/537.36	cumanhpt@gmail.com
2	2025-11-18 22:07:14.721152	OTP_SENT	0:0:0:0:0:0:0:1	Đã gửi OTP tới email	\N	Mozilla/5.0 (Windows NT 10.0; Win64; x64) AppleWebKit/537.36 (KHTML, like Gecko) Chrome/140.0.0.0 Safari/537.36	cumanhpt@gmail.com
3	2025-11-18 22:07:24.999383	OTP_VERIFIED	0:0:0:0:0:0:0:1	OTP xác thực thành công	{"deviceId":"a2fb0792-f2cb-423d-a419-6e154ab799ea"}	Mozilla/5.0 (Windows NT 10.0; Win64; x64) AppleWebKit/537.36 (KHTML, like Gecko) Chrome/140.0.0.0 Safari/537.36	cumanhpt@gmail.com
4	2025-11-18 22:07:25.002104	DEVICE_TRUSTED	0:0:0:0:0:0:0:1	Thiết bị đã được đánh dấu tin cậy	{"deviceId":"a2fb0792-f2cb-423d-a419-6e154ab799ea","hostName":"0:0:0:0:0:0:0:1"}	Mozilla/5.0 (Windows NT 10.0; Win64; x64) AppleWebKit/537.36 (KHTML, like Gecko) Chrome/140.0.0.0 Safari/537.36	cumanhpt@gmail.com
5	2025-11-19 19:43:30.174371	LOGIN_SUCCESS	0:0:0:0:0:0:0:1	Đăng nhập thành công	{"hostName":"0:0:0:0:0:0:0:1","deviceId":"a2fb0792-f2cb-423d-a419-6e154ab799ea"}	Mozilla/5.0 (Windows NT 10.0; Win64; x64) AppleWebKit/537.36 (KHTML, like Gecko) Chrome/140.0.0.0 Safari/537.36	cumanhpt@gmail.com
6	2025-11-19 19:44:33.354565	LOGIN_SUCCESS	0:0:0:0:0:0:0:1	Đăng nhập thành công	{"hostName":"0:0:0:0:0:0:0:1","deviceId":"a2fb0792-f2cb-423d-a419-6e154ab799ea"}	Mozilla/5.0 (Windows NT 10.0; Win64; x64) AppleWebKit/537.36 (KHTML, like Gecko) Chrome/140.0.0.0 Safari/537.36	cumanhpt@gmail.com
7	2025-11-19 19:48:50.477255	OTP_SENT	0:0:0:0:0:0:0:1	Đã gửi OTP tới email	\N	Mozilla/5.0 (Windows NT 10.0; Win64; x64) AppleWebKit/537.36 (KHTML, like Gecko) Chrome/140.0.0.0 Safari/537.36	cumanhpt@gmail.com
8	2025-11-19 19:49:01.787971	OTP_VERIFIED	0:0:0:0:0:0:0:1	OTP xác thực thành công	{"deviceId":"a2fb0792-f2cb-423d-a419-6e154ab799ea"}	Mozilla/5.0 (Windows NT 10.0; Win64; x64) AppleWebKit/537.36 (KHTML, like Gecko) Chrome/140.0.0.0 Safari/537.36	cumanhpt@gmail.com
9	2025-11-19 19:49:01.791346	DEVICE_TRUSTED	0:0:0:0:0:0:0:1	Thiết bị đã được đánh dấu tin cậy	{"hostName":"0:0:0:0:0:0:0:1","deviceId":"a2fb0792-f2cb-423d-a419-6e154ab799ea"}	Mozilla/5.0 (Windows NT 10.0; Win64; x64) AppleWebKit/537.36 (KHTML, like Gecko) Chrome/140.0.0.0 Safari/537.36	cumanhpt@gmail.com
10	2025-11-19 19:49:30.804621	SAFE_MODE_ENABLED	\N	Tài khoản đã bật Safe Mode	\N	\N	cumanhpt@gmail.com
11	2025-11-19 19:49:56.105732	SAFE_MODE_DISABLED	\N	Tài khoản đã tắt Safe Mode	\N	\N	cumanhpt@gmail.com
12	2025-11-19 19:50:17.55972	LOGIN_FAILED	0:0:0:0:0:0:0:1	Đăng nhập thất bại - Sai mật khẩu	\N	Mozilla/5.0 (Windows NT 10.0; Win64; x64) AppleWebKit/537.36 (KHTML, like Gecko) Chrome/140.0.0.0 Safari/537.36	phucdemon12@gmail.com
13	2025-11-19 19:50:22.414962	LOGIN_FAILED	0:0:0:0:0:0:0:1	Đăng nhập thất bại - Sai mật khẩu	\N	Mozilla/5.0 (Windows NT 10.0; Win64; x64) AppleWebKit/537.36 (KHTML, like Gecko) Chrome/140.0.0.0 Safari/537.36	phucdemon12@gmail.com
14	2025-11-19 19:50:29.004561	LOGIN_SUCCESS	0:0:0:0:0:0:0:1	Đăng nhập thành công	{"hostName":"0:0:0:0:0:0:0:1","deviceId":"a2fb0792-f2cb-423d-a419-6e154ab799ea"}	Mozilla/5.0 (Windows NT 10.0; Win64; x64) AppleWebKit/537.36 (KHTML, like Gecko) Chrome/140.0.0.0 Safari/537.36	phucdemon12@gmail.com
15	2025-11-19 19:50:34.604946	OTP_SENT	0:0:0:0:0:0:0:1	Đã gửi OTP tới email	\N	Mozilla/5.0 (Windows NT 10.0; Win64; x64) AppleWebKit/537.36 (KHTML, like Gecko) Chrome/140.0.0.0 Safari/537.36	phucdemon12@gmail.com
16	2025-11-19 19:51:03.746298	OTP_VERIFIED	0:0:0:0:0:0:0:1	OTP xác thực thành công	{"deviceId":"a2fb0792-f2cb-423d-a419-6e154ab799ea"}	Mozilla/5.0 (Windows NT 10.0; Win64; x64) AppleWebKit/537.36 (KHTML, like Gecko) Chrome/140.0.0.0 Safari/537.36	phucdemon12@gmail.com
17	2025-11-19 19:51:03.749293	DEVICE_TRUSTED	0:0:0:0:0:0:0:1	Thiết bị đã được đánh dấu tin cậy	{"hostName":"0:0:0:0:0:0:0:1","deviceId":"a2fb0792-f2cb-423d-a419-6e154ab799ea"}	Mozilla/5.0 (Windows NT 10.0; Win64; x64) AppleWebKit/537.36 (KHTML, like Gecko) Chrome/140.0.0.0 Safari/537.36	phucdemon12@gmail.com
18	2025-11-19 19:51:06.795683	SAFE_MODE_ENABLED	\N	Tài khoản đã bật Safe Mode	\N	\N	phucdemon12@gmail.com
19	2025-11-19 19:51:36.007266	SAFE_MODE_DISABLED	\N	Tài khoản đã tắt Safe Mode	\N	\N	phucdemon12@gmail.com
\.


--
-- TOC entry 5236 (class 0 OID 17483)
-- Dependencies: 240
-- Data for Name: shipments; Type: TABLE DATA; Schema: public; Owner: postgres
--

COPY public.shipments (shipment_id, order_id, shipping_address, shipped_date, status) FROM stdin;
1	1	456 Oak Ave, HCMC	2025-09-01 12:00:00	delivered
2	2	789 Pine Ln, Da Nang	2025-09-03 10:00:00	delivered
3	3	101 Elm Blvd, Hanoi	2025-09-04 11:00:00	delivered
4	4	202 Maple Dr, HCMC	2025-09-04 15:00:00	delivered
5	5	303 Birch Pl, Hue	\N	pending
6	7	456 Oak Ave, HCMC	2025-09-07 16:00:00	delivered
7	8	505 Willow Way, Hanoi	2025-09-08 12:00:00	delivered
8	9	606 Ash Rd, Hai Phong	2025-09-09 17:00:00	out for delivery
9	10	707 Poplar Pkwy, HCMC	2025-09-11 09:00:00	delivered
\.


--
-- TOC entry 5247 (class 0 OID 18288)
-- Dependencies: 251
-- Data for Name: trusted_devices; Type: TABLE DATA; Schema: public; Owner: postgres
--

COPY public.trusted_devices (id, device_id, ip_address, last_login, trusted, user_agent, user_email, expires_at, created_at, host_name) FROM stdin;
3	a2fb0792-f2cb-423d-a419-6e154ab799ea	0:0:0:0:0:0:0:1	2025-11-13 07:37:42.745004	t	Mozilla/5.0 (Windows NT 10.0; Win64; x64) AppleWebKit/537.36 (KHTML, like Gecko) Chrome/140.0.0.0 Safari/537.36	cumanhpt12@gmail.com	\N	\N	\N
4	oauth_0:0:0:0:0:0:0:1_-536248958	0:0:0:0:0:0:0:1	2025-11-16 19:47:08.125499	t	Mozilla/5.0 (Windows NT 10.0; Win64; x64) AppleWebKit/537.36 (KHTML, like Gecko) Chrome/140.0.0.0 Safari/537.36	nguyentuanmanh194170@gmail.com	2025-12-16 19:47:08.125499	2025-11-16 18:05:33.033338	\N
2	a2fb0792-f2cb-423d-a419-6e154ab799ea	0:0:0:0:0:0:0:1	2025-12-02 01:10:38.382762	t	Mozilla/5.0 (Windows NT 10.0; Win64; x64) AppleWebKit/537.36 (KHTML, like Gecko) Chrome/141.0.0.0 Safari/537.36	cumanhpt57@gmail.com	\N	\N	0:0:0:0:0:0:0:1
6	a2fb0792-f2cb-423d-a419-6e154ab799ea	0:0:0:0:0:0:0:1	2025-11-30 23:50:42.264554	t	Mozilla/5.0 (Windows NT 10.0; Win64; x64) AppleWebKit/537.36 (KHTML, like Gecko) Chrome/141.0.0.0 Safari/537.36	quynhtrangphanthi679@gmail.com	\N	\N	\N
1	a2fb0792-f2cb-423d-a419-6e154ab799ea	0:0:0:0:0:0:0:1	2025-12-08 10:46:59.46619	t	Mozilla/5.0 (Windows NT 10.0; Win64; x64) AppleWebKit/537.36 (KHTML, like Gecko) Chrome/141.0.0.0 Safari/537.36	cumanhpt@gmail.com	2025-12-16 19:21:39.907215	2025-11-16 18:00:08.012467	0:0:0:0:0:0:0:1
7	a2fb0792-f2cb-423d-a419-6e154ab799ea	0:0:0:0:0:0:0:1	2025-12-03 12:42:53.772306	t	Mozilla/5.0 (Linux; Android 6.0; Nexus 5 Build/MRA58N) AppleWebKit/537.36 (KHTML, like Gecko) Chrome/141.0.0.0 Mobile Safari/537.36	cumanhpt60@gmail.com	\N	\N	\N
5	a2fb0792-f2cb-423d-a419-6e154ab799ea	0:0:0:0:0:0:0:1	2025-11-19 19:51:03.737923	t	Mozilla/5.0 (Windows NT 10.0; Win64; x64) AppleWebKit/537.36 (KHTML, like Gecko) Chrome/140.0.0.0 Safari/537.36	phucdemon12@gmail.com	\N	\N	0:0:0:0:0:0:0:1
\.


--
-- TOC entry 5257 (class 0 OID 20036)
-- Dependencies: 261
-- Data for Name: user_known_ips; Type: TABLE DATA; Schema: public; Owner: postgres
--

COPY public.user_known_ips (id, first_seen, ip_address, last_seen, location, login_count, user_agent, user_email) FROM stdin;
1	2025-12-01 07:46:12.053539	0:0:0:0:0:0:0:1	2025-12-08 10:46:59.48082	\N	53	Mozilla/5.0 (Windows NT 10.0; Win64; x64) AppleWebKit/537.36 (KHTML, like Gecko) Chrome/141.0.0.0 Safari/537.36	cumanhpt@gmail.com
2	2025-12-01 08:53:17.185728	0:0:0:0:0:0:0:1	2025-12-02 01:10:38.411994	\N	5	Mozilla/5.0 (Windows NT 10.0; Win64; x64) AppleWebKit/537.36 (KHTML, like Gecko) Chrome/141.0.0.0 Safari/537.36	cumanhpt57@gmail.com
\.


--
-- TOC entry 5255 (class 0 OID 20025)
-- Dependencies: 259
-- Data for Name: user_sessions; Type: TABLE DATA; Schema: public; Owner: postgres
--

COPY public.user_sessions (id, created_at, device_id, host_name, ip_address, last_used_at, refresh_token_hash, revoked, user_agent, user_email) FROM stdin;
\.


--
-- TOC entry 5218 (class 0 OID 17310)
-- Dependencies: 222
-- Data for Name: users; Type: TABLE DATA; Schema: public; Owner: postgres
--

COPY public.users (user_id, username, password_hash, email, phone, address, role_id, mfa_enabled, mfa_secret, safe_mode_until, email_verified) FROM stdin;
1	admin_user	bcrypt_hash_placeholder_admin	admin@petshop.com	0123456789	123 Admin St, Hanoi	1	\N	\N	\N	\N
2	jane_doe	bcrypt_hash_placeholder_jane	jane.doe@example.com	0987654321	456 Oak Ave, HCMC	2	\N	\N	\N	\N
3	john_smith	bcrypt_hash_placeholder_john	john.smith@example.com	0912345678	789 Pine Ln, Da Nang	2	\N	\N	\N	\N
4	alice_kim	bcrypt_hash_placeholder_alice	alice.kim@example.com	0901122334	101 Elm Blvd, Hanoi	2	\N	\N	\N	\N
5	bob_jones	bcrypt_hash_placeholder_bob	bob.jones@example.com	0975544332	202 Maple Dr, HCMC	2	\N	\N	\N	\N
6	charlie_wu	bcrypt_hash_placeholder_charlie	charlie.wu@example.com	0938877665	303 Birch Pl, Hue	2	\N	\N	\N	\N
7	diana_lee	bcrypt_hash_placeholder_diana	diana.lee@example.com	0966554433	404 Cedar St, Can Tho	2	\N	\N	\N	\N
8	eve_adams	bcrypt_hash_placeholder_eve	eve.adams@example.com	0944332211	505 Willow Way, Hanoi	2	\N	\N	\N	\N
9	frank_bell	bcrypt_hash_placeholder_frank	frank.bell@example.com	0922110099	606 Ash Rd, Hai Phong	2	\N	\N	\N	\N
10	grace_chen	bcrypt_hash_placeholder_grace	grace.chen@example.com	0955667788	707 Poplar Pkwy, HCMC	2	\N	\N	\N	\N
12	Nguyễn Mạnh	$2a$10$PGjZiKch6KJDnLxkftNNoeQFzaPxEkXqzoOtpACPg/tyUnWiBoLye	cumanhpt1@gmail.com	09871494821		1	\N	\N	\N	\N
14	Nguyễn Mạnh	$2a$10$luHu.Xy8EgKG86c3HhHhPuECtTWFQ21tGlzQHw7SHVJvAmceNIJ5q	cumanhpt12@gmail.com	0987149123		1	\N	\N	\N	\N
15	Luffy Monkey	$2a$10$E3aTmgUZ4/RtcYmsZuBuu.14Ne/kuxpHiIkMXpoaEHLWcxMJFoORe	tauhaitac3k5@gmail.com	098765432	\N	1	\N	\N	\N	\N
13	Nguyễn Mạnh	$2a$10$YEBTAImU7nUf/T7UhWW7Nu8Li5VXL8TuRWZ3qQIisEenP6IpAuMhC	cumanhpt57@gmail.com	09871494822		2	t	A4E22CMAOFPM3WUVACQCT5WMD6WHEFFH	\N	\N
20	Mạnh Nguyễn		nguyentuanmanh194170@gmail.com	\N	\N	2	t	2QGF6OAYCHTBAKYHFVWLFVFGNM34A5TE	\N	\N
11	Nguyễn Mạnh	$2a$10$qs/0zYWVOW7d9CD6QgXuHuwFXQ5XR9HxIT5TRu4m65z9uG7EHkF.i	cumanhpt@gmail.com	0987149482		1	t	HPRYC4HTW4LFRTV4GNY2WR5CJQMBECIL	\N	\N
21	Phuc	$2a$10$x0S8Pj241NpgSmP6XmmW2.pyPA04aJf0Qk1RqnPpc1bNj.Jvw2qua	phucdemon12@gmail.com	01234567892		1	t	EXSL5FD3PGRTORW3UKIO5H6NEDT5RIAT	\N	\N
22	Trang	$2a$10$QtXRVx0yLOI3D0Caboa5BuBo7zn9Gi83qSeomyIX9bdFEt2xQpRDC	quynhtrangphanthi679@gmail.com	099887711		2	\N	\N	\N	\N
\.


--
-- TOC entry 5273 (class 0 OID 0)
-- Dependencies: 252
-- Name: backup_codes_backup_code_id_seq; Type: SEQUENCE SET; Schema: public; Owner: postgres
--

SELECT pg_catalog.setval('public.backup_codes_backup_code_id_seq', 160, true);


--
-- TOC entry 5274 (class 0 OID 0)
-- Dependencies: 225
-- Name: categories_category_id_seq; Type: SEQUENCE SET; Schema: public; Owner: postgres
--

SELECT pg_catalog.setval('public.categories_category_id_seq', 10, true);


--
-- TOC entry 5275 (class 0 OID 0)
-- Dependencies: 254
-- Name: mfa_attempts_id_seq; Type: SEQUENCE SET; Schema: public; Owner: postgres
--

SELECT pg_catalog.setval('public.mfa_attempts_id_seq', 1, false);


--
-- TOC entry 5276 (class 0 OID 0)
-- Dependencies: 246
-- Name: order_details_order_detail_id_seq; Type: SEQUENCE SET; Schema: public; Owner: postgres
--

SELECT pg_catalog.setval('public.order_details_order_detail_id_seq', 29, true);


--
-- TOC entry 5277 (class 0 OID 0)
-- Dependencies: 235
-- Name: orderdetails_order_detail_id_seq; Type: SEQUENCE SET; Schema: public; Owner: postgres
--

SELECT pg_catalog.setval('public.orderdetails_order_detail_id_seq', 20, true);


--
-- TOC entry 5278 (class 0 OID 0)
-- Dependencies: 233
-- Name: orders_order_id_seq; Type: SEQUENCE SET; Schema: public; Owner: postgres
--

SELECT pg_catalog.setval('public.orders_order_id_seq', 26, true);


--
-- TOC entry 5279 (class 0 OID 0)
-- Dependencies: 237
-- Name: payments_payment_id_seq; Type: SEQUENCE SET; Schema: public; Owner: postgres
--

SELECT pg_catalog.setval('public.payments_payment_id_seq', 7, true);


--
-- TOC entry 5280 (class 0 OID 0)
-- Dependencies: 248
-- Name: product_types_type_id_seq; Type: SEQUENCE SET; Schema: public; Owner: postgres
--

SELECT pg_catalog.setval('public.product_types_type_id_seq', 4, true);


--
-- TOC entry 5281 (class 0 OID 0)
-- Dependencies: 227
-- Name: products_product_id_seq; Type: SEQUENCE SET; Schema: public; Owner: postgres
--

SELECT pg_catalog.setval('public.products_product_id_seq', 40, true);


--
-- TOC entry 5282 (class 0 OID 0)
-- Dependencies: 223
-- Name: producttypes_type_id_seq; Type: SEQUENCE SET; Schema: public; Owner: postgres
--

SELECT pg_catalog.setval('public.producttypes_type_id_seq', 5, true);


--
-- TOC entry 5283 (class 0 OID 0)
-- Dependencies: 241
-- Name: reviews_review_id_seq; Type: SEQUENCE SET; Schema: public; Owner: postgres
--

SELECT pg_catalog.setval('public.reviews_review_id_seq', 11, true);


--
-- TOC entry 5284 (class 0 OID 0)
-- Dependencies: 219
-- Name: roles_role_id_seq; Type: SEQUENCE SET; Schema: public; Owner: postgres
--

SELECT pg_catalog.setval('public.roles_role_id_seq', 2, true);


--
-- TOC entry 5285 (class 0 OID 0)
-- Dependencies: 256
-- Name: security_events_id_seq; Type: SEQUENCE SET; Schema: public; Owner: postgres
--

SELECT pg_catalog.setval('public.security_events_id_seq', 19, true);


--
-- TOC entry 5286 (class 0 OID 0)
-- Dependencies: 239
-- Name: shipments_shipment_id_seq; Type: SEQUENCE SET; Schema: public; Owner: postgres
--

SELECT pg_catalog.setval('public.shipments_shipment_id_seq', 9, true);


--
-- TOC entry 5287 (class 0 OID 0)
-- Dependencies: 250
-- Name: trusted_devices_id_seq; Type: SEQUENCE SET; Schema: public; Owner: postgres
--

SELECT pg_catalog.setval('public.trusted_devices_id_seq', 7, true);


--
-- TOC entry 5288 (class 0 OID 0)
-- Dependencies: 260
-- Name: user_known_ips_id_seq; Type: SEQUENCE SET; Schema: public; Owner: postgres
--

SELECT pg_catalog.setval('public.user_known_ips_id_seq', 2, true);


--
-- TOC entry 5289 (class 0 OID 0)
-- Dependencies: 258
-- Name: user_sessions_id_seq; Type: SEQUENCE SET; Schema: public; Owner: postgres
--

SELECT pg_catalog.setval('public.user_sessions_id_seq', 1, false);


--
-- TOC entry 5290 (class 0 OID 0)
-- Dependencies: 221
-- Name: users_user_id_seq; Type: SEQUENCE SET; Schema: public; Owner: postgres
--

SELECT pg_catalog.setval('public.users_user_id_seq', 35, true);


--
-- TOC entry 5032 (class 2606 OID 19967)
-- Name: backup_codes backup_codes_pkey; Type: CONSTRAINT; Schema: public; Owner: postgres
--

ALTER TABLE ONLY public.backup_codes
    ADD CONSTRAINT backup_codes_pkey PRIMARY KEY (backup_code_id);


--
-- TOC entry 5018 (class 2606 OID 17527)
-- Name: cage_details cage_details_pkey; Type: CONSTRAINT; Schema: public; Owner: postgres
--

ALTER TABLE ONLY public.cage_details
    ADD CONSTRAINT cage_details_pkey PRIMARY KEY (cage_id);


--
-- TOC entry 5004 (class 2606 OID 17410)
-- Name: cagedetails cagedetails_pkey; Type: CONSTRAINT; Schema: public; Owner: postgres
--

ALTER TABLE ONLY public.cagedetails
    ADD CONSTRAINT cagedetails_pkey PRIMARY KEY (cage_id);


--
-- TOC entry 5000 (class 2606 OID 17529)
-- Name: catdetails catdetails_pkey; Type: CONSTRAINT; Schema: public; Owner: postgres
--

ALTER TABLE ONLY public.catdetails
    ADD CONSTRAINT catdetails_pkey PRIMARY KEY (cat_id);


--
-- TOC entry 4996 (class 2606 OID 17544)
-- Name: categories categories_pkey; Type: CONSTRAINT; Schema: public; Owner: postgres
--

ALTER TABLE ONLY public.categories
    ADD CONSTRAINT categories_pkey PRIMARY KEY (category_id);


--
-- TOC entry 5020 (class 2606 OID 17576)
-- Name: cleaning_details cleaning_details_pkey; Type: CONSTRAINT; Schema: public; Owner: postgres
--

ALTER TABLE ONLY public.cleaning_details
    ADD CONSTRAINT cleaning_details_pkey PRIMARY KEY (cleaning_id);


--
-- TOC entry 5006 (class 2606 OID 17423)
-- Name: cleaningdetails cleaningdetails_pkey; Type: CONSTRAINT; Schema: public; Owner: postgres
--

ALTER TABLE ONLY public.cleaningdetails
    ADD CONSTRAINT cleaningdetails_pkey PRIMARY KEY (cleaning_id);


--
-- TOC entry 5022 (class 2606 OID 17582)
-- Name: food_details food_details_pkey; Type: CONSTRAINT; Schema: public; Owner: postgres
--

ALTER TABLE ONLY public.food_details
    ADD CONSTRAINT food_details_pkey PRIMARY KEY (food_id);


--
-- TOC entry 5002 (class 2606 OID 17399)
-- Name: fooddetails fooddetails_pkey; Type: CONSTRAINT; Schema: public; Owner: postgres
--

ALTER TABLE ONLY public.fooddetails
    ADD CONSTRAINT fooddetails_pkey PRIMARY KEY (food_id);


--
-- TOC entry 5036 (class 2606 OID 19985)
-- Name: mfa_attempts mfa_attempts_pkey; Type: CONSTRAINT; Schema: public; Owner: postgres
--

ALTER TABLE ONLY public.mfa_attempts
    ADD CONSTRAINT mfa_attempts_pkey PRIMARY KEY (id);


--
-- TOC entry 5024 (class 2606 OID 17593)
-- Name: order_details order_details_pkey; Type: CONSTRAINT; Schema: public; Owner: postgres
--

ALTER TABLE ONLY public.order_details
    ADD CONSTRAINT order_details_pkey PRIMARY KEY (order_detail_id);


--
-- TOC entry 5010 (class 2606 OID 17456)
-- Name: orderdetails orderdetails_pkey; Type: CONSTRAINT; Schema: public; Owner: postgres
--

ALTER TABLE ONLY public.orderdetails
    ADD CONSTRAINT orderdetails_pkey PRIMARY KEY (order_detail_id);


--
-- TOC entry 5008 (class 2606 OID 17596)
-- Name: orders orders_pkey; Type: CONSTRAINT; Schema: public; Owner: postgres
--

ALTER TABLE ONLY public.orders
    ADD CONSTRAINT orders_pkey PRIMARY KEY (order_id);


--
-- TOC entry 5012 (class 2606 OID 17629)
-- Name: payments payments_pkey; Type: CONSTRAINT; Schema: public; Owner: postgres
--

ALTER TABLE ONLY public.payments
    ADD CONSTRAINT payments_pkey PRIMARY KEY (payment_id);


--
-- TOC entry 5026 (class 2606 OID 17652)
-- Name: product_types product_types_pkey; Type: CONSTRAINT; Schema: public; Owner: postgres
--

ALTER TABLE ONLY public.product_types
    ADD CONSTRAINT product_types_pkey PRIMARY KEY (type_id);


--
-- TOC entry 4998 (class 2606 OID 17655)
-- Name: products products_pkey; Type: CONSTRAINT; Schema: public; Owner: postgres
--

ALTER TABLE ONLY public.products
    ADD CONSTRAINT products_pkey PRIMARY KEY (product_id);


--
-- TOC entry 4994 (class 2606 OID 17338)
-- Name: producttypes producttypes_pkey; Type: CONSTRAINT; Schema: public; Owner: postgres
--

ALTER TABLE ONLY public.producttypes
    ADD CONSTRAINT producttypes_pkey PRIMARY KEY (type_id);


--
-- TOC entry 5016 (class 2606 OID 17718)
-- Name: reviews reviews_pkey; Type: CONSTRAINT; Schema: public; Owner: postgres
--

ALTER TABLE ONLY public.reviews
    ADD CONSTRAINT reviews_pkey PRIMARY KEY (review_id);


--
-- TOC entry 4988 (class 2606 OID 17752)
-- Name: roles roles_pkey; Type: CONSTRAINT; Schema: public; Owner: postgres
--

ALTER TABLE ONLY public.roles
    ADD CONSTRAINT roles_pkey PRIMARY KEY (role_id);


--
-- TOC entry 5038 (class 2606 OID 20023)
-- Name: security_events security_events_pkey; Type: CONSTRAINT; Schema: public; Owner: postgres
--

ALTER TABLE ONLY public.security_events
    ADD CONSTRAINT security_events_pkey PRIMARY KEY (id);


--
-- TOC entry 5014 (class 2606 OID 17765)
-- Name: shipments shipments_pkey; Type: CONSTRAINT; Schema: public; Owner: postgres
--

ALTER TABLE ONLY public.shipments
    ADD CONSTRAINT shipments_pkey PRIMARY KEY (shipment_id);


--
-- TOC entry 5030 (class 2606 OID 18296)
-- Name: trusted_devices trusted_devices_pkey; Type: CONSTRAINT; Schema: public; Owner: postgres
--

ALTER TABLE ONLY public.trusted_devices
    ADD CONSTRAINT trusted_devices_pkey PRIMARY KEY (id);


--
-- TOC entry 5028 (class 2606 OID 17820)
-- Name: product_types uk329ng3nej4u6ot19cxpxoereu; Type: CONSTRAINT; Schema: public; Owner: postgres
--

ALTER TABLE ONLY public.product_types
    ADD CONSTRAINT uk329ng3nej4u6ot19cxpxoereu UNIQUE (type_name);


--
-- TOC entry 5044 (class 2606 OID 20048)
-- Name: user_known_ips user_known_ips_pkey; Type: CONSTRAINT; Schema: public; Owner: postgres
--

ALTER TABLE ONLY public.user_known_ips
    ADD CONSTRAINT user_known_ips_pkey PRIMARY KEY (id);


--
-- TOC entry 5040 (class 2606 OID 20033)
-- Name: user_sessions user_sessions_pkey; Type: CONSTRAINT; Schema: public; Owner: postgres
--

ALTER TABLE ONLY public.user_sessions
    ADD CONSTRAINT user_sessions_pkey PRIMARY KEY (id);


--
-- TOC entry 4990 (class 2606 OID 17324)
-- Name: users users_email_key; Type: CONSTRAINT; Schema: public; Owner: postgres
--

ALTER TABLE ONLY public.users
    ADD CONSTRAINT users_email_key UNIQUE (email);


--
-- TOC entry 4992 (class 2606 OID 17787)
-- Name: users users_pkey; Type: CONSTRAINT; Schema: public; Owner: postgres
--

ALTER TABLE ONLY public.users
    ADD CONSTRAINT users_pkey PRIMARY KEY (user_id);


--
-- TOC entry 5033 (class 1259 OID 19986)
-- Name: idx_email_created; Type: INDEX; Schema: public; Owner: postgres
--

CREATE INDEX idx_email_created ON public.mfa_attempts USING btree (user_email, created_at);


--
-- TOC entry 5041 (class 1259 OID 20050)
-- Name: idx_ip_address; Type: INDEX; Schema: public; Owner: postgres
--

CREATE INDEX idx_ip_address ON public.user_known_ips USING btree (ip_address);


--
-- TOC entry 5034 (class 1259 OID 19987)
-- Name: idx_ip_created; Type: INDEX; Schema: public; Owner: postgres
--

CREATE INDEX idx_ip_created ON public.mfa_attempts USING btree (ip_address, created_at);


--
-- TOC entry 5042 (class 1259 OID 20049)
-- Name: idx_user_email; Type: INDEX; Schema: public; Owner: postgres
--

CREATE INDEX idx_user_email ON public.user_known_ips USING btree (user_email);


--
-- TOC entry 5053 (class 2606 OID 17662)
-- Name: cagedetails cagedetails_cage_id_fkey; Type: FK CONSTRAINT; Schema: public; Owner: postgres
--

ALTER TABLE ONLY public.cagedetails
    ADD CONSTRAINT cagedetails_cage_id_fkey FOREIGN KEY (cage_id) REFERENCES public.products(product_id) ON DELETE CASCADE;


--
-- TOC entry 5051 (class 2606 OID 17682)
-- Name: catdetails catdetails_cat_id_fkey; Type: FK CONSTRAINT; Schema: public; Owner: postgres
--

ALTER TABLE ONLY public.catdetails
    ADD CONSTRAINT catdetails_cat_id_fkey FOREIGN KEY (cat_id) REFERENCES public.products(product_id) ON DELETE CASCADE;


--
-- TOC entry 5046 (class 2606 OID 17558)
-- Name: categories categories_type_id_fkey; Type: FK CONSTRAINT; Schema: public; Owner: postgres
--

ALTER TABLE ONLY public.categories
    ADD CONSTRAINT categories_type_id_fkey FOREIGN KEY (type_id) REFERENCES public.producttypes(type_id);


--
-- TOC entry 5054 (class 2606 OID 17667)
-- Name: cleaningdetails cleaningdetails_cleaning_id_fkey; Type: FK CONSTRAINT; Schema: public; Owner: postgres
--

ALTER TABLE ONLY public.cleaningdetails
    ADD CONSTRAINT cleaningdetails_cleaning_id_fkey FOREIGN KEY (cleaning_id) REFERENCES public.products(product_id) ON DELETE CASCADE;


--
-- TOC entry 5047 (class 2606 OID 19947)
-- Name: categories fk1b1u67jq7fr7983e61xkhhd8a; Type: FK CONSTRAINT; Schema: public; Owner: postgres
--

ALTER TABLE ONLY public.categories
    ADD CONSTRAINT fk1b1u67jq7fr7983e61xkhhd8a FOREIGN KEY (type_id) REFERENCES public.product_types(type_id);


--
-- TOC entry 5065 (class 2606 OID 17846)
-- Name: order_details fk4q98utpd73imf4yhttm3w0eax; Type: FK CONSTRAINT; Schema: public; Owner: postgres
--

ALTER TABLE ONLY public.order_details
    ADD CONSTRAINT fk4q98utpd73imf4yhttm3w0eax FOREIGN KEY (product_id) REFERENCES public.products(product_id);


--
-- TOC entry 5067 (class 2606 OID 19968)
-- Name: backup_codes fk4uqupj7j6eldpff5ycw8vnpm6; Type: FK CONSTRAINT; Schema: public; Owner: postgres
--

ALTER TABLE ONLY public.backup_codes
    ADD CONSTRAINT fk4uqupj7j6eldpff5ycw8vnpm6 FOREIGN KEY (user_id) REFERENCES public.users(user_id);


--
-- TOC entry 5064 (class 2606 OID 17836)
-- Name: food_details fk92ccoqq5in66d50sctnf052l7; Type: FK CONSTRAINT; Schema: public; Owner: postgres
--

ALTER TABLE ONLY public.food_details
    ADD CONSTRAINT fk92ccoqq5in66d50sctnf052l7 FOREIGN KEY (food_id) REFERENCES public.products(product_id);


--
-- TOC entry 5048 (class 2606 OID 19952)
-- Name: products fk98l10qwb1l2ywp1d24x1d3ef2; Type: FK CONSTRAINT; Schema: public; Owner: postgres
--

ALTER TABLE ONLY public.products
    ADD CONSTRAINT fk98l10qwb1l2ywp1d24x1d3ef2 FOREIGN KEY (type_id) REFERENCES public.product_types(type_id);


--
-- TOC entry 5062 (class 2606 OID 17821)
-- Name: cage_details fkcfk6cplbyh6kk9k3w9gci49lh; Type: FK CONSTRAINT; Schema: public; Owner: postgres
--

ALTER TABLE ONLY public.cage_details
    ADD CONSTRAINT fkcfk6cplbyh6kk9k3w9gci49lh FOREIGN KEY (cage_id) REFERENCES public.products(product_id);


--
-- TOC entry 5063 (class 2606 OID 17831)
-- Name: cleaning_details fkir1p9j499dxsrfk32n023eiqu; Type: FK CONSTRAINT; Schema: public; Owner: postgres
--

ALTER TABLE ONLY public.cleaning_details
    ADD CONSTRAINT fkir1p9j499dxsrfk32n023eiqu FOREIGN KEY (cleaning_id) REFERENCES public.products(product_id);


--
-- TOC entry 5066 (class 2606 OID 17841)
-- Name: order_details fkjyu2qbqt8gnvno9oe9j2s2ldk; Type: FK CONSTRAINT; Schema: public; Owner: postgres
--

ALTER TABLE ONLY public.order_details
    ADD CONSTRAINT fkjyu2qbqt8gnvno9oe9j2s2ldk FOREIGN KEY (order_id) REFERENCES public.orders(order_id);


--
-- TOC entry 5052 (class 2606 OID 17657)
-- Name: fooddetails fooddetails_food_id_fkey; Type: FK CONSTRAINT; Schema: public; Owner: postgres
--

ALTER TABLE ONLY public.fooddetails
    ADD CONSTRAINT fooddetails_food_id_fkey FOREIGN KEY (food_id) REFERENCES public.products(product_id) ON DELETE CASCADE;


--
-- TOC entry 5056 (class 2606 OID 17598)
-- Name: orderdetails orderdetails_order_id_fkey; Type: FK CONSTRAINT; Schema: public; Owner: postgres
--

ALTER TABLE ONLY public.orderdetails
    ADD CONSTRAINT orderdetails_order_id_fkey FOREIGN KEY (order_id) REFERENCES public.orders(order_id) ON DELETE CASCADE;


--
-- TOC entry 5057 (class 2606 OID 17672)
-- Name: orderdetails orderdetails_product_id_fkey; Type: FK CONSTRAINT; Schema: public; Owner: postgres
--

ALTER TABLE ONLY public.orderdetails
    ADD CONSTRAINT orderdetails_product_id_fkey FOREIGN KEY (product_id) REFERENCES public.products(product_id);


--
-- TOC entry 5055 (class 2606 OID 17789)
-- Name: orders orders_user_id_fkey; Type: FK CONSTRAINT; Schema: public; Owner: postgres
--

ALTER TABLE ONLY public.orders
    ADD CONSTRAINT orders_user_id_fkey FOREIGN KEY (user_id) REFERENCES public.users(user_id);


--
-- TOC entry 5058 (class 2606 OID 17636)
-- Name: payments payments_order_id_fkey; Type: FK CONSTRAINT; Schema: public; Owner: postgres
--

ALTER TABLE ONLY public.payments
    ADD CONSTRAINT payments_order_id_fkey FOREIGN KEY (order_id) REFERENCES public.orders(order_id) ON DELETE CASCADE;


--
-- TOC entry 5049 (class 2606 OID 17693)
-- Name: products products_category_id_fkey; Type: FK CONSTRAINT; Schema: public; Owner: postgres
--

ALTER TABLE ONLY public.products
    ADD CONSTRAINT products_category_id_fkey FOREIGN KEY (category_id) REFERENCES public.categories(category_id);


--
-- TOC entry 5050 (class 2606 OID 17705)
-- Name: products products_type_id_fkey; Type: FK CONSTRAINT; Schema: public; Owner: postgres
--

ALTER TABLE ONLY public.products
    ADD CONSTRAINT products_type_id_fkey FOREIGN KEY (type_id) REFERENCES public.producttypes(type_id);


--
-- TOC entry 5060 (class 2606 OID 17727)
-- Name: reviews reviews_product_id_fkey; Type: FK CONSTRAINT; Schema: public; Owner: postgres
--

ALTER TABLE ONLY public.reviews
    ADD CONSTRAINT reviews_product_id_fkey FOREIGN KEY (product_id) REFERENCES public.products(product_id);


--
-- TOC entry 5061 (class 2606 OID 17794)
-- Name: reviews reviews_user_id_fkey; Type: FK CONSTRAINT; Schema: public; Owner: postgres
--

ALTER TABLE ONLY public.reviews
    ADD CONSTRAINT reviews_user_id_fkey FOREIGN KEY (user_id) REFERENCES public.users(user_id);


--
-- TOC entry 5059 (class 2606 OID 17774)
-- Name: shipments shipments_order_id_fkey; Type: FK CONSTRAINT; Schema: public; Owner: postgres
--

ALTER TABLE ONLY public.shipments
    ADD CONSTRAINT shipments_order_id_fkey FOREIGN KEY (order_id) REFERENCES public.orders(order_id) ON DELETE CASCADE;


--
-- TOC entry 5045 (class 2606 OID 17807)
-- Name: users users_role_id_fkey; Type: FK CONSTRAINT; Schema: public; Owner: postgres
--

ALTER TABLE ONLY public.users
    ADD CONSTRAINT users_role_id_fkey FOREIGN KEY (role_id) REFERENCES public.roles(role_id);


-- Completed on 2025-12-08 19:00:16

--
-- PostgreSQL database dump complete
--

\unrestrict Y9qeoPbB9MPgIZnCAyZBOeIsId8i84K8FsmDgvcd5LfcgTG8rDLFE044KkUbPpF

